,std_demand,max_demand
0,1.7500000000000004,-1.4999999999999991
